Workbook

Sheet Raw Data
A2: Menu Item Inventory
A4: Item ID | B4: Item Name | C4: Category | D4: Selling Price ($) | F4: Cost Price ($)
A5: 101 | B5: Crispy Fried Chicken | C5: Fast Food | D5: 13 | F5: 10
A6: 102 | B6: Cheese Pizza | C6: Fast Food | D6: 12 | F6: 9
A7: 103 | B7: Mini Sliders With Fries | C7: Starter | D7: 15 | F7: 12
A8: 104 | B8: Grilled Club Sandwich | C8: Fast Food | D8: 11 | F8: 8
A9: 105 | B9: Fresh Spring Rolls | C9: Starter | D9: 19 | F9: 16
A10: 106 | B10: Samosas With Chutney | C10: Starter | D10: 20 | F10: 17
A11: 107 | B11: Fresh Fries With Dips | C11: Starter | D11: 21 | F11: 18
A12: 108 | B12: Fresh Garden Salad | C12: Fast Food | D12: 16 | F12: 14
A13: 109 | B13: Chicken Burger | C13: Fast Food | D13: 17 | F13: 13
A14: 110 | B14: Fruit & Yogurt Bowl | C14: Breakfast | D14: 22 | F14: 17
A15: 111 | B15: Boiled Eggs With Greens | C15: Starters | D15: 14 | F15: 11
A16: 112 | B16: Mediterranean Platter | C16: Fast Food | D16: 12 | F16: 9
... A28: 124 | B28: Chocolate Cake | C28: Dessert | D28: 45 | F28: 37

Sheet Calculations
A2: Calculations
A3: Column1 | B3: Column2 | C3: Column3 | D3: Column4 | E3: Column5 | F3: Column6 | G3: Column7 | H3: Column8 | I3: Column9
A4: Item Name | B4: Selling Price ($) | C4: Stock | D4: Total Value($) | E4: Low Stock Check | F4: Category | G4: Cost Price ($) | H4: Beneficial Cost ($) | I4: Percentage (%)
A6: ='Raw Data'!B5 -> Crispy Fried Chicken | B6: ='Raw Data'!D5 -> 13 | C6: 20 | D6: =B6*C6 -> 260 | E6: =IF(C6<25,"Low","High") -> Low | F6: ='Raw Data'!C5 -> Fast Food | G6: ='Raw Data'!F5 -> 10 | H6: =B6-G6 -> 3 | I6: =H6/B6*100/100 -> 0.23076923
A7: ='Raw Data'!B6 -> Cheese Pizza | B7: ='Raw Data'!D6 -> 12 | C7: 15 | D7: =B7*C7 -> 180 | E7: =IF(C7<25,"Low","High") -> Low | F7: ='Raw Data'!C6 -> Fast Food | G7: ='Raw Data'!F6 -> 9 | H7: =B7-G7 -> 3 | I7: =H7/B7*100/100 -> 0.25
A8: ='Raw Data'!B7 -> Mini Sliders With Fries | B8: ='Raw Data'!D7 -> 15 | C8: 30 | D8: =B8*C8 -> 450 | E8: =IF(C8<25,"Low","High") -> High | F8: ='Raw Data'!C7 -> Starter | G8: ='Raw Data'!F7 -> 12 | H8: =B8-G8 -> 3 | I8: =H8/B8*100/100 -> 0.2
A9: ='Raw Data'!B8 -> Grilled Club Sandwich | B9: ='Raw Data'!D8 -> 11 | C9: 25 | D9: =B9*C9 -> 275 | E9: =IF(C9<25,"Low","High") -> High | F9: ='Raw Data'!C8 -> Fast Food | G9: ='Raw Data'!F8 -> 8 | H9: =B9-G9 -> 3 | I9: =H9/B9*100/100 -> 0.27272727
A10: ='Raw Data'!B9 -> Fresh Spring Rolls | B10: ='Raw Data'!D9 -> 19 | C10: 35 | D10: =B10*C10 -> 665 | E10: =IF(C10<25,"Low","High") -> High | F10: ='Raw Data'!C9 -> Starter | G10: ='Raw Data'!F9 -> 16 | H10: =B10-G10 -> 3 | I10: =H10/B10*100/100 -> 0.15789474
A11: ='Raw Data'!B10 -> Samosas With Chutney | B11: ='Raw Data'!D10 -> 20 | C11: 50 | D11: =B11*C11 -> 1000 | E11: =IF(C11<25,"Low","High") -> High | F11: ='Raw Data'!C10 -> Starter | G11: ='Raw Data'!F10 -> 17 | H11: =B11-G11 -> 3 | I11: =H11/B11*100/100 -> 0.15
A12: ='Raw Data'!B11 -> Fresh Fries With Dips | B12: ='Raw Data'!D11 -> 21 | C12: 22 | D12: =B12*C12 -> 462 | E12: =IF(C12<25,"Low","High") -> Low | F12: ='Raw Data'!C11 -> Starter | G12: ='Raw Data'!F11 -> 18 | H12: =B12-G12 -> 3 | I12: =H12/B12*100/100 -> 0.14285714
A13: ='Raw Data'!B12 -> Fresh Garden Salad | B13: ='Raw Data'!D12 -> 16 | C13: 29 | D13: =B13*C13 -> 464 | E13: =IF(C13<25,"Low","High") -> High | F13: ='Raw Data'!C12 -> Fast Food | G13: ='Raw Data'!F12 -> 14 | H13: =B13-G13 -> 2 | I13: =H13/B13*100/100 -> 0.125
A14: ='Raw Data'!B13 -> Chicken Burger | B14: ='Raw Data'!D13 -> 17 | C14: 40 | D14: =B14*C14 -> 680 | E14: =IF(C14<25,"Low","High") -> High | F14: ='Raw Data'!C13 -> Fast Food | G14: ='Raw Data'!F13 -> 13 | H14: =B14-G14 -> 4 | I14: =H14/B14*100/100 -> 0.23529412
A15: ='Raw Data'!B14 -> Fruit & Yogurt Bowl | B15: ='Raw Data'!D14 -> 22 | C15: 45 | D15: =B15*C15 -> 990 | E15: =IF(C15<25,"Low","High") -> High | F15: ='Raw Data'!C14 -> Breakfast | G15: ='Raw Data'!F14 -> 17 | H15: =B15-G15 -> 5 | I15: =H15/B15*100/100 -> 0.22727273
A16: ='Raw Data'!B15 -> Boiled Eggs With Greens | B16: ='Raw Data'!D15 -> 14 | C16: 32 | D16: =B16*C16 -> 448 | E16: =IF(C16<25,"Low","High") -> High | F16: ='Raw Data'!C14 -> Breakfast | G16: ='Raw Data'!F15 -> 11 | H16: =B16-G16 -> 3 | I16: =H16/B16*100/100 -> 0.21428571
A17: ='Raw Data'!B16 -> Mediterranean Platter | B17: ='Raw Data'!D16 -> 12 | C17: 43 | D17: =B17*C17 -> 516 | E17: =IF(C17<25,"Low","High") -> High | F17: ='Raw Data'!C16 -> Fast Food | G17: ='Raw Data'!F16 -> 9 | H17: =B17-G17 -> 3 | I17: =H17/B17*100/100 -> 0.25
A18: ='Raw Data'!B17 -> Pumpkin Soup | B18: ='Raw Data'!D17 -> 11 | C18: 60 | D18: =B18*C18 -> 660 | E18: =IF(C18<25,"Low","High") -> High | F18: ='Raw Data'!C17 -> Soup | G18: ='Raw Data'!F17 -> 9 | H18: =B18-G18 -> 2 | I18: =H18/B18*100/100 -> 0.18181818
A19: ='Raw Data'!B18 -> Vegetable Soup | B19: ='Raw Data'!D18 -> 18 | C19: 53 | D19: =B19*C19 -> 954 | E19: =IF(C19<25,"Low","High") -> High | F19: ='Raw Data'!C18 -> Soup | G19: ='Raw Data'!F18 -> 14 | H19: =B19-G19 -> 4 | I19: =H19/B19*100/100 -> 0.22222222
A20: ='Raw Data'!B19 -> Spinach Chicken | B20: ='Raw Data'!D19 -> 19 | C20: 12 | D20: =B20*C20 -> 228 | E20: =IF(C20<25,"Low","High") -> Low | F20: ='Raw Data'!C19 -> Fast Food | G20: ='Raw Data'!F19 -> 17 | H20: =B20-G20 -> 2 | I20: =H20/B20*100/100 -> 0.10526316
A21: ='Raw Data'!B20 -> Pasta With Vegetables | B21: ='Raw Data'!D20 -> 20 | C21: 16 | D21: =B21*C21 -> 320 | E21: =IF(C21<25,"Low","High") -> Low | F21: ='Raw Data'!C20 -> Fast Food | G21: ='Raw Data'!F20 -> 18 | H21: =B21-G21 -> 2 | I21: =H21/B21*100/100 -> 0.1
A22: ='Raw Data'!B21 -> Dessert Plate | B22: ='Raw Data'!D21 -> 23 | C22: 43 | D22: =B22*C22 -> 989 | E22: =IF(C22<25,"Low","High") -> High | F22: ='Raw Data'!C21 -> Fast Food | G22: ='Raw Data'!F21 -> 16 | H22: =B22-G22 -> 7 | I22: =H22/B22*100/100 -> 0.30434783
A23: ='Raw Data'!B22 -> Mixed Chicken | B23: ='Raw Data'!D22 -> 16 | C23: 30 | D23: =B23*C23 -> 480 | E23: =IF(C23<25,"Low","High") -> High | F23: ='Raw Data'!C22 -> Fast Food | G23: ='Raw Data'!F22 -> 12 | H23: =B23-G23 -> 4 | I23: =H23/B23*100/100 -> 0.25
A24: ='Raw Data'!B23 -> Grilled Meat | B24: ='Raw Data'!D23 -> 26 | C24: 65 | D24: =B24*C24 -> 1690 | E24: =IF(C24<25,"Low","High") -> High | F24: ='Raw Data'!C23 -> Fast Food | G24: ='Raw Data'!F23 -> 21 | H24: =B24-G24 -> 5 | I24: =H24/B24*100/100 -> 0.19230769
A25: ='Raw Data'!B24 -> Fruit Porridge | B25: ='Raw Data'!D24 -> 23 | C25: 14 | D25: =B25*C25 -> 322 | E25: =IF(C25<25,"Low","High") -> Low | F25: ='Raw Data'!C24 -> Dessert | G25: ='Raw Data'!F24 -> 20 | H25: =B25-G25 -> 3 | I25: =H25/B25*100/100 -> 0.13043478
A26: ='Raw Data'!B25 -> Grilled Fish | B26: ='Raw Data'!D25 -> 28 | C26: 47 | D26: =B26*C26 -> 1316 | E26: =IF(C26<25,"Low","High") -> High | F26: ='Raw Data'!C25 -> Fast Food | G26: ='Raw Data'!F25 -> 25 | H26: =B26-G26 -> 3 | I26: =H26/B26*100/100 -> 0.10714286
A27: ='Raw Data'!B26 -> Beef Steek | B27: ='Raw Data'!D26 -> 30 | C27: 55 | D27: =B27*C27 -> 1650 | E27: =IF(C27<25,"Low","High") -> High | F27: ='Raw Data'!C26 -> Fast Food | G27: ='Raw Data'!F26 -> 26 | H27: =B27-G27 -> 4 | I27: =H27/B27*100/100 -> 0.13333333
A28: ='Raw Data'!B27 -> Chicken Wrap | B28: ='Raw Data'!D27 -> 24 | C28: 57 | D28: =B28*C28 -> 1368 | E28: =IF(C28<25,"Low","High") -> High | F28: ='Raw Data'!C27 -> Fast Food | G28: ='Raw Data'!F27 -> 21 | H28: =B28-G28 -> 3 | I28: =H28/B28*100/100 -> 0.125
A29: ='Raw Data'!B28 -> Chocolate Cake | B29: ='Raw Data'!D28 -> 45 | C29: 62 | D29: =B29*C29 -> 2790 | E29: =IF(C29<25,"Low","High") -> High | F29: ='Raw Data'!C28 -> Dessert | G29: ='Raw Data'!F28 -> 37 | H29: =B29-G29 -> 8 | I29: =H29/B29*100/100 -> 0.17777778

Sheet Summary
A1: Summary
A3: Metric | D3: Value
A5: Column1 | B5: Column2 | C5: Column3 | D5: Column4 | E5: Column5
A6: Total Inventory Value | D6: =SUM(Calculations!D4:D27) -> 14999
A7: Average Prices | D7: =AVERAGE(Calculations!B4:B27) -> 18.454545
A8: Number of Low Stock Items | D8: =COUNTIF(Calculations!E6:E29,"Low") -> 6
A9: Total Breakfast Items | D9: =COUNTIF(Calculations!F6:F29,"Breakfast") -> 2
A10: Total Soup Items | D10: =COUNTIF(Calculations!F6:F29,"Soup") -> 2
A11: Total Dessert Items | D11: =COUNTIF(Calculations!F6:F29,"Dessert") -> 2
A12: Total Starter Items | D12: =COUNTIF(Calculations!F6:F29,"Starter") -> 4
A13: Total Stock | D13: =SUM(Calculations!C6:C29) -> 900
A14: Number of High Stock Items | D14: =COUNTIF(Calculations!E6:E29,"High") -> 18
A15: Total Selling Price | D15: =SUM(Calculations!B6:B29) -> 475
A16: Total Cost Price | D16: =SUM(Calculations!G6:G29) -> 390
A17: Total Benefit | D17: =SUM(Calculations!H6:H29) -> 85
